Municipal,ID,Time,Change in Storage (mm),Runoff (mm),Soil Moisture (mm),Precipitation (mm),Evapotranspiration (mm)
Calanasan,1408100000,01/15/2016,-17,145,656,230,102
Calanasan,1408100000,02/15/2016,44,239,676,373,90
Calanasan,1408100000,03/15/2016,-35,197,670,285,123
Calanasan,1408100000,04/15/2016,38,154,664,348,156
Calanasan,1408100000,05/15/2016,-2,697,727,861,166
Calanasan,1408100000,06/15/2016,-66,271,683,369,164
Calanasan,1408100000,07/15/2016,152,167,642,480,161
Calanasan,1408100000,08/15/2016,-81,284,684,324,121
Calanasan,1408100000,09/15/2016,-55,202,674,250,103
Calanasan,1408100000,10/15/2016,-20,510,693,586,96
Calanasan,1408100000,11/15/2016,74,129,641,275,72
Calanasan,1408100000,12/15/2016,25,539,709,629,65
Calanasan,1408100000,01/15/2017,5,225,668,312,82
Calanasan,1408100000,02/15/2017,-34,308,696,348,74
Calanasan,1408100000,03/15/2017,-60,122,640,182,120
Calanasan,1408100000,04/15/2017,51,228,670,425,146
Calanasan,1408100000,05/15/2017,26,644,732,812,142
Calanasan,1408100000,06/15/2017,-56,220,677,319,155
Calanasan,1408100000,07/15/2017,24,334,698,506,148
Calanasan,1408100000,08/15/2017,50,416,706,613,147
Calanasan,1408100000,09/15/2017,-111,228,675,231,114
Calanasan,1408100000,10/15/2017,73,357,670,518,88
Calanasan,1408100000,11/15/2017,-74,313,674,319,80
Calanasan,1408100000,12/15/2017,53,278,682,393,62
Calanasan,1408100000,01/15/2018,-13,249,676,325,89
Calanasan,1408100000,02/15/2018,-21,151,667,217,87
Calanasan,1408100000,03/15/2018,-51,132,642,202,121
Calanasan,1408100000,04/15/2018,119,166,657,434,149
Calanasan,1408100000,05/15/2018,-61,388,693,503,176
Calanasan,1408100000,06/15/2018,29,229,684,399,141
Calanasan,1408100000,07/15/2018,-27,423,696,551,155
Calanasan,1408100000,08/15/2018,40,365,702,528,123
Calanasan,1408100000,09/15/2018,-50,540,698,621,131
Calanasan,1408100000,10/15/2018,88,203,661,405,114
Calanasan,1408100000,11/15/2018,-148,126,627,64,86
Calanasan,1408100000,12/15/2018,223,93,589,387,71
Calanasan,1408100000,01/15/2019,-179,250,658,164,93
Calanasan,1408100000,02/15/2019,-114,24,569,13,103
Calanasan,1408100000,03/15/2019,-11,4,504,110,117
Calanasan,1408100000,04/15/2019,156,184,642,485,145
Calanasan,1408100000,05/15/2019,51,506,713,708,151
Calanasan,1408100000,06/15/2019,13,319,692,485,153
Calanasan,1408100000,07/15/2019,-30,366,695,491,155
Calanasan,1408100000,08/15/2019,19,188,668,332,125
Calanasan,1408100000,09/15/2019,-52,327,691,378,103
Calanasan,1408100000,10/15/2019,9,175,671,284,100
Calanasan,1408100000,11/15/2019,35,1106,741,1207,66
Calanasan,1408100000,12/15/2019,-1,1110,719,1175,66
Calanasan,1408100000,01/15/2020,-40,207,674,245,78
Calanasan,1408100000,02/15/2020,-27,191,673,248,84
Calanasan,1408100000,03/15/2020,-96,2,476,4,98
Calanasan,1408100000,04/15/2020,-31,0,403,51,82
Calanasan,1408100000,05/15/2020,61,2,403,173,110
Calanasan,1408100000,06/15/2020,-77,0,419,35,112
Calanasan,1408100000,07/15/2020,28,1,367,152,123
Calanasan,1408100000,08/15/2020,61,1,450,184,122
Calanasan,1408100000,09/15/2020,-11,0,453,78,89
Calanasan,1408100000,10/15/2020,238,56,547,368,74
Calanasan,1408100000,11/15/2020,-73,430,694,417,60
Calanasan,1408100000,12/15/2020,51,196,669,313,66
Calanasan,1408100000,01/15/2021,-27,105,638,120,42
Calanasan,1408100000,02/15/2021,-56,51,617,64,69
Calanasan,1408100000,03/15/2021,-58,15,561,55,98
Calanasan,1408100000,04/15/2021,-58,3,497,42,97
Calanasan,1408100000,05/15/2021,-95,0,429,23,118
Calanasan,1408100000,06/15/2021,15,0,394,132,117
Calanasan,1408100000,07/15/2021,38,1,383,155,116
Calanasan,1408100000,08/15/2021,82,2,499,207,123
Calanasan,1408100000,09/15/2021,47,22,570,179,110
Calanasan,1408100000,10/15/2021,43,206,655,335,86
Calanasan,1408100000,11/15/2021,81,53,612,207,73
Calanasan,1408100000,12/15/2021,-57,94,638,84,47
Calanasan,1408100000,01/15/2022,-7,57,613,126,76
Calanasan,1408100000,02/15/2022,-37,24,587,57,70
Calanasan,1408100000,03/15/2022,-90,8,530,23,105
Calanasan,1408100000,04/15/2022,-45,1,477,46,90
Calanasan,1408100000,05/15/2022,145,7,502,269,117
Calanasan,1408100000,06/15/2022,-44,13,563,95,126
Calanasan,1408100000,07/15/2022,-36,9,547,119,146
Calanasan,1408100000,08/15/2022,110,59,616,290,121
Calanasan,1408100000,09/15/2022,-31,95,627,169,105
Calanasan,1408100000,10/15/2022,127,410,682,622,85
Calanasan,1408100000,11/15/2022,-95,148,652,145,92
Calanasan,1408100000,12/15/2022,40,115,652,207,52
Calanasan,1408100000,01/15/2023,-100,97,632,66,69
Calanasan,1408100000,02/15/2023,-4,18,570,86,72
Calanasan,1408100000,03/15/2023,-101,11,539,10,100
Calanasan,1408100000,04/15/2023,-55,1,459,38,92
Calanasan,1408100000,05/15/2023,37,2,410,139,100
Calanasan,1408100000,06/15/2023,51,6,473,174,117
Calanasan,1408100000,07/15/2023,171,155,582,461,135
Calanasan,1408100000,08/15/2023,50,272,638,449,127
Calanasan,1408100000,09/15/2023,-134,203,665,179,110
Calanasan,1408100000,10/15/2023,5,106,640,208,97
Calanasan,1408100000,11/15/2023,30,87,632,177,60
Calanasan,1408100000,12/15/2023,-13,87,633,137,63
Calanasan,1408100000,01/15/2024,-85,34,586,14,65
Calanasan,1408100000,03/15/2024,-60,0,426,23,83
Calanasan,1408100000,04/15/2024,-77,0,356,14,91
Calanasan,1408100000,05/15/2024,60,1,327,158,97
Calanasan,1408100000,06/15/2024,-12,1,393,103,114
Calanasan,1408100000,07/15/2024,221,17,419,381,143
Calanasan,1408100000,08/15/2024,-42,14,565,125,153
Calanasan,1408100000,09/15/2024,238,263,667,627,126
Calanasan,1408100000,10/15/2024,-63,285,675,341,119
Calanasan,1408100000,11/15/2024,-73,427,701,444,90
Calanasan,1408100000,12/15/2024,12,121,651,200,67
Conner,"1408102000	",01/15/2016,-20,40,714,111,91
Conner,"1408102000	",02/15/2016,38,67,737,188,83
Conner,"1408102000	",03/15/2016,-77,48,722,87,116
Conner,"1408102000	",04/15/2016,-76,6,641,62,132
Conner,"1408102000	",05/15/2016,168,39,657,356,149
Conner,"1408102000	",06/15/2016,-64,186,773,286,164
Conner,"1408102000	",07/15/2016,140,193,746,495,162
Conner,"1408102000	",08/15/2016,-42,283,796,369,128
Conner,"1408102000	",09/15/2016,-62,150,773,206,118
Conner,"1408102000	",10/15/2016,-7,423,783,518,102
Conner,"1408102000	",11/15/2016,-7,52,730,118,73
Conner,"1408102000	",12/15/2016,86,210,765,356,60
Conner,"1408102000	",01/15/2017,-3,161,765,232,74
Conner,"1408102000	",02/15/2017,-99,186,764,159,72
Conner,"1408102000	",03/15/2017,-77,16,679,51,112
Conner,"1408102000	",04/15/2017,-12,8,648,126,130
Conner,"1408102000	",05/15/2017,122,16,659,272,134
Conner,"1408102000	",06/15/2017,5,99,758,272,168
Conner,"1408102000	",07/15/2017,-17,62,740,188,143
Conner,"1408102000	",08/15/2017,30,111,762,281,140
Conner,"1408102000	",09/15/2017,-36,98,758,189,127
Conner,"1408102000	",10/15/2017,42,159,756,294,93
Conner,"1408102000	",11/15/2017,-44,143,762,178,79
Conner,"1408102000	",12/15/2017,52,356,781,467,59
Conner,"1408102000	",01/15/2018,-50,132,761,162,80
Conner,"1408102000	",02/15/2018,-11,47,738,120,84
Conner,"1408102000	",03/15/2018,-51,26,708,93,118
Conner,"1408102000	",04/15/2018,10,16,693,163,137
Conner,"1408102000	",05/15/2018,-55,16,673,117,156
Conner,"1408102000	",06/15/2018,51,8,654,202,143
Conner,"1408102000	",07/15/2018,73,86,725,313,154
Conner,"1408102000	",08/15/2018,25,196,778,343,122
Conner,"1408102000	",09/15/2018,-32,290,779,398,140
Conner,"1408102000	",10/15/2018,70,142,729,331,119
Conner,"1408102000	",11/15/2018,-132,79,725,36,89
Conner,"1408102000	",12/15/2018,153,49,700,270,68
Conner,"1408102000	",01/15/2019,-112,123,748,95,84
Conner,"1408102000	",02/15/2019,-114,15,671,6,105
Conner,"1408102000	",03/15/2019,-46,3,588,70,113
Conner,"1408102000	",04/15/2019,56,8,618,195,131
Conner,"1408102000	",05/15/2019,169,182,751,505,154
Conner,"1408102000	",06/15/2019,13,169,753,340,158
Conner,"1408102000	",07/15/2019,-10,426,800,569,153
Conner,"1408102000	",08/15/2019,35,161,764,329,133
Conner,"1408102000	",09/15/2019,-56,316,796,372,112
Conner,"1408102000	",10/15/2019,21,139,769,270,110
Conner,"1408102000	",11/15/2019,4,472,813,541,65
Conner,"1408102000	",12/15/2019,-21,434,794,478,65
Conner,"1408102000	",01/15/2020,-58,95,753,119,82
Conner,"1408102000	",02/15/2020,-2,30,721,110,82
Conner,"1408102000	",03/15/2020,-92,2,583,9,99
Conner,"1408102000	",04/15/2020,3,1,520,94,90
Conner,"1408102000	",05/15/2020,68,5,553,196,123
Conner,"1408102000	",06/15/2020,-59,1,573,77,135
Conner,"1408102000	",07/15/2020,32,2,541,170,136
Conner,"1408102000	",08/15/2020,58,2,617,189,129
Conner,"1408102000	",09/15/2020,-5,2,628,120,123
Conner,"1408102000	",10/15/2020,170,160,730,414,84
Conner,"1408102000	",11/15/2020,-37,389,791,417,65
Conner,"1408102000	",12/15/2020,12,191,778,269,66
Conner,"1408102000	",01/15/2021,-26,88,746,111,49
Conner,"1408102000	",02/15/2021,-49,36,722,60,73
Conner,"1408102000	",03/15/2021,-33,14,682,86,105
Conner,"1408102000	",04/15/2021,-68,5,626,43,106
Conner,"1408102000	",05/15/2021,-77,1,568,56,132
Conner,"1408102000	",06/15/2021,24,3,546,165,138
Conner,"1408102000	",07/15/2021,92,4,578,232,136
Conner,"1408102000	",08/15/2021,70,8,674,212,134
Conner,"1408102000	",09/15/2021,-22,70,732,176,128
Conner,"1408102000	",10/15/2021,20,208,759,320,92
Conner,"1408102000	",11/15/2021,42,25,702,145,78
Conner,"1408102000	",12/15/2021,-21,53,736,83,51
Conner,"1408102000	",01/15/2022,8,41,723,125,76
Conner,"1408102000	",02/15/2022,-23,23,709,72,72
Conner,"1408102000	",03/15/2022,-79,10,664,41,110
Conner,"1408102000	",04/15/2022,-34,3,616,67,98
Conner,"1408102000	",05/15/2022,151,19,657,295,125
Conner,"1408102000	",06/15/2022,-46,31,713,129,144
Conner,"1408102000	",07/15/2022,-17,23,708,151,145
Conner,"1408102000	",08/15/2022,65,122,764,308,121
Conner,"1408102000	",09/15/2022,-27,99,743,193,121
Conner,"1408102000	",10/15/2022,83,370,784,542,89
Conner,"1408102000	",11/15/2022,-97,98,747,91,90
Conner,"1408102000	",12/15/2022,26,53,737,135,56
Conner,"1408102000	",01/15/2023,-57,52,731,58,63
Conner,"1408102000	",02/15/2023,-21,19,677,71,73
Conner,"1408102000	",03/15/2023,-96,5,634,13,104
Conner,"1408102000	",04/15/2023,-31,2,565,68,97
Conner,"1408102000	",05/15/2023,74,3,558,204,127
Conner,"1408102000	",06/15/2023,31,14,617,178,133
Conner,"1408102000	",07/15/2023,131,225,729,499,143
Conner,"1408102000	",08/15/2023,27,220,744,381,134
Conner,"1408102000	",09/15/2023,-89,158,774,191,122
Conner,"1408102000	",10/15/2023,3,77,744,183,103
Conner,"1408102000	",11/15/2023,5,52,731,123,66
Conner,"1408102000	",12/15/2023,-4,46,727,108,66
Conner,"1408102000	",01/15/2024,-67,25,701,23,65
Conner,"1408102000	",03/15/2024,-52,1,542,37,88
Conner,"1408102000	",04/15/2024,-50,1,485,42,91
Conner,"1408102000	",05/15/2024,97,3,501,218,118
Conner,"1408102000	",06/15/2024,-6,2,584,137,141
Conner,"1408102000	",07/15/2024,186,37,615,375,152
Conner,"1408102000	",08/15/2024,-39,37,723,158,160
Conner,"1408102000	",09/15/2024,150,253,783,530,127
Conner,"1408102000	",10/15/2024,-40,259,782,342,123
Conner,"1408102000	",11/15/2024,-94,388,788,387,93
Conner,"1408102000	",12/15/2024,18,104,755,192,70
Flora,"1408103000	",01/15/2016,-18,67,737,148,99
Flora,"1408103000	",02/15/2016,46,117,760,252,89
Flora,"1408103000	",03/15/2016,-58,105,755,179,132
Flora,"1408103000	",04/15/2016,-73,19,684,107,161
Flora,"1408103000	",05/15/2016,119,76,707,372,177
Flora,"1408103000	",06/15/2016,-88,134,759,226,180
Flora,"1408103000	",07/15/2016,100,88,680,356,168
Flora,"1408103000	",08/15/2016,-6,105,763,238,139
Flora,"1408103000	",09/15/2016,-44,105,759,186,125
Flora,"1408103000	",10/15/2016,-1,378,778,489,112
Flora,"1408103000	",11/15/2016,50,94,749,224,80
Flora,"1408103000	",12/15/2016,37,394,801,496,65
Flora,"1408103000	",01/15/2017,-4,205,775,278,77
Flora,"1408103000	",02/15/2017,-50,231,784,258,77
Flora,"1408103000	",03/15/2017,-66,50,723,111,127
Flora,"1408103000	",04/15/2017,10,25,707,189,154
Flora,"1408103000	",05/15/2017,93,131,741,382,158
Flora,"1408103000	",06/15/2017,-88,85,747,173,176
Flora,"1408103000	",07/15/2017,-21,27,713,159,153
Flora,"1408103000	",08/15/2017,39,31,718,221,151
Flora,"1408103000	",09/15/2017,-62,28,716,101,135
Flora,"1408103000	",10/15/2017,103,95,728,295,97
Flora,"1408103000	",11/15/2017,-41,188,765,230,83
Flora,"1408103000	",12/15/2017,57,385,793,503,61
Flora,"1408103000	",01/15/2018,-49,178,773,213,84
Flora,"1408103000	",02/15/2018,-5,101,763,183,87
Flora,"1408103000	",03/15/2018,-54,39,725,114,129
Flora,"1408103000	",04/15/2018,8,20,703,180,152
Flora,"1408103000	",05/15/2018,-82,12,673,106,176
Flora,"1408103000	",06/15/2018,16,6,620,171,149
Flora,"1408103000	",07/15/2018,68,16,661,246,162
Flora,"1408103000	",08/15/2018,64,79,744,276,133
Flora,"1408103000	",09/15/2018,-48,261,759,361,148
Flora,"1408103000	",10/15/2018,84,61,691,267,122
Flora,"1408103000	",11/15/2018,-113,58,720,41,96
Flora,"1408103000	",12/15/2018,174,76,710,323,73
Flora,"1408103000	",01/15/2019,-114,164,761,142,92
Flora,"1408103000	",02/15/2019,-130,19,680,5,116
Flora,"1408103000	",03/15/2019,-42,2,592,93,133
Flora,"1408103000	",04/15/2019,109,16,656,281,156
Flora,"1408103000	",05/15/2019,102,159,763,432,171
Flora,"1408103000	",06/15/2019,21,157,747,347,169
Flora,"1408103000	",07/15/2019,-9,342,798,502,169
Flora,"1408103000	",08/15/2019,20,129,759,296,147
Flora,"1408103000	",09/15/2019,-38,324,799,406,120
Flora,"1408103000	",10/15/2019,40,223,791,378,115
Flora,"1408103000	",11/15/2019,-10,682,828,745,73
Flora,"1408103000	",12/15/2019,-9,682,810,743,70
Flora,"1408103000	",01/15/2020,-44,161,776,202,85
Flora,"1408103000	",02/15/2020,-22,107,763,175,90
Flora,"1408103000	",03/15/2020,-112,1,580,4,115
Flora,"1408103000	",04/15/2020,-44,0,492,51,95
Flora,"1408103000	",05/15/2020,45,2,479,172,125
Flora,"1408103000	",06/15/2020,-92,0,477,34,126
Flora,"1408103000	",07/15/2020,24,1,414,151,126
Flora,"1408103000	",08/15/2020,53,1,492,183,129
Flora,"1408103000	",09/15/2020,-31,0,480,79,110
Flora,"1408103000	",10/15/2020,272,12,564,368,84
Flora,"1408103000	",11/15/2020,-17,365,789,419,71
Flora,"1408103000	",12/15/2020,48,193,776,314,73
Flora,"1408103000	",01/15/2021,-21,94,749,121,48
Flora,"1408103000	",02/15/2021,-53,42,730,65,76
Flora,"1408103000	",03/15/2021,-68,9,670,55,114
Flora,"1408103000	",04/15/2021,-73,2,595,42,113
Flora,"1408103000	",05/15/2021,-113,0,511,23,136
Flora,"1408103000	",06/15/2021,-3,1,457,131,133
Flora,"1408103000	",07/15/2021,26,1,436,152,125
Flora,"1408103000	",08/15/2021,67,2,534,207,138
Flora,"1408103000	",09/15/2021,46,4,597,179,129
Flora,"1408103000	",10/15/2021,120,117,730,336,99
Flora,"1408103000	",11/15/2021,76,43,718,202,83
Flora,"1408103000	",12/15/2021,-46,76,747,85,55
Flora,"1408103000	",01/15/2022,-5,52,729,126,79
Flora,"1408103000	",02/15/2022,-41,17,700,50,74
Flora,"1408103000	",03/15/2022,-100,4,636,23,119
Flora,"1408103000	",04/15/2022,-53,0,574,46,99
Flora,"1408103000	",05/15/2022,132,4,587,269,133
Flora,"1408103000	",06/15/2022,-57,2,634,94,149
Flora,"1408103000	",07/15/2022,-36,2,612,118,152
Flora,"1408103000	",08/15/2022,136,19,688,288,133
Flora,"1408103000	",09/15/2022,-21,64,727,169,126
Flora,"1408103000	",10/15/2022,123,402,781,623,98
Flora,"1408103000	",11/15/2022,-77,127,760,148,98
Flora,"1408103000	",12/15/2022,36,109,765,206,61
Flora,"1408103000	",01/15/2023,-91,85,742,65,71
Flora,"1408103000	",02/15/2023,-9,14,685,87,82
Flora,"1408103000	",03/15/2023,-113,5,643,10,118
Flora,"1408103000	",04/15/2023,-65,0,550,39,104
Flora,"1408103000	",05/15/2023,19,2,488,140,119
Flora,"1408103000	",06/15/2023,30,6,530,173,137
Flora,"1408103000	",07/15/2023,220,94,629,461,147
Flora,"1408103000	",08/15/2023,44,264,738,450,142
Flora,"1408103000	",09/15/2023,-116,165,767,178,129
Flora,"1408103000	",10/15/2023,8,87,747,208,113
Flora,"1408103000	",11/15/2023,35,75,741,180,70
Flora,"1408103000	",12/15/2023,-13,79,746,138,72
Flora,"1408103000	",01/15/2024,-80,28,704,14,66
Flora,"1408103000	",03/15/2024,-77,0,523,23,100
Flora,"1408103000	",04/15/2024,-88,0,440,14,102
Flora,"1408103000	",05/15/2024,46,1,400,158,111
Flora,"1408103000	",06/15/2024,-30,1,450,101,130
Flora,"1408103000	",07/15/2024,215,23,466,380,142
Flora,"1408103000	",08/15/2024,-34,2,615,125,157
Flora,"1408103000	",09/15/2024,269,219,742,627,139
Flora,"1408103000	",10/15/2024,-44,252,778,341,133
Flora,"1408103000	",11/15/2024,-69,411,801,446,104
Flora,"1408103000	",12/15/2024,13,111,761,198,74
Kabugao,1408104000,01/15/2016,-23,49,610,129,103
Kabugao,1408104000,02/15/2016,30,96,641,222,96
Kabugao,1408104000,03/15/2016,-24,67,627,174,131
Kabugao,1408104000,04/15/2016,63,63,627,285,159
Kabugao,1408104000,05/15/2016,33,659,723,864,172
Kabugao,1408104000,06/15/2016,-81,234,677,318,165
Kabugao,1408104000,07/15/2016,172,237,653,573,164
Kabugao,1408104000,08/15/2016,-112,302,686,313,123
Kabugao,1408104000,09/15/2016,-50,165,666,228,113
Kabugao,1408104000,10/15/2016,-12,492,687,580,100
Kabugao,1408104000,11/15/2016,5,55,611,135,75
Kabugao,1408104000,12/15/2016,75,183,663,324,66
Kabugao,1408104000,01/15/2017,-22,128,645,192,86
Kabugao,1408104000,02/15/2017,-44,155,662,192,81
Kabugao,1408104000,03/15/2017,-49,48,603,129,130
Kabugao,1408104000,04/15/2017,63,90,633,308,155
Kabugao,1408104000,05/15/2017,57,477,715,685,151
Kabugao,1408104000,06/15/2017,-54,201,677,310,163
Kabugao,1408104000,07/15/2017,22,303,695,470,145
Kabugao,1408104000,08/15/2017,24,293,693,462,145
Kabugao,1408104000,09/15/2017,-83,184,669,224,123
Kabugao,1408104000,10/15/2017,28,232,650,353,93
Kabugao,1408104000,11/15/2017,-40,187,658,230,83
Kabugao,1408104000,12/15/2017,42,136,648,244,66
Kabugao,1408104000,01/15/2018,-20,110,646,183,93
Kabugao,1408104000,02/15/2018,-37,50,615,106,93
Kabugao,1408104000,03/15/2018,-43,41,598,127,129
Kabugao,1408104000,04/15/2018,143,81,617,375,151
Kabugao,1408104000,05/15/2018,-56,307,683,424,173
Kabugao,1408104000,06/15/2018,23,177,672,343,143
Kabugao,1408104000,07/15/2018,1,364,696,518,153
Kabugao,1408104000,08/15/2018,25,376,700,522,121
Kabugao,1408104000,09/15/2018,-54,476,694,557,135
Kabugao,1408104000,10/15/2018,83,133,639,338,122
Kabugao,1408104000,11/15/2018,-154,106,618,44,92
Kabugao,1408104000,12/15/2018,125,23,555,216,68
Kabugao,1408104000,01/15/2019,-107,91,625,81,97
Kabugao,1408104000,02/15/2019,-107,11,537,13,109
Kabugao,1408104000,03/15/2019,-34,2,454,87,119
Kabugao,1408104000,04/15/2019,189,55,582,389,145
Kabugao,1408104000,05/15/2019,68,427,702,651,156
Kabugao,1408104000,06/15/2019,16,307,684,482,159
Kabugao,1408104000,07/15/2019,-15,484,704,623,154
Kabugao,1408104000,08/15/2019,4,199,668,331,128
Kabugao,1408104000,09/15/2019,-40,375,697,445,110
Kabugao,1408104000,10/15/2019,-13,141,654,239,111
Kabugao,1408104000,11/15/2019,36,651,721,754,67
Kabugao,1408104000,12/15/2019,-15,525,694,582,72
Kabugao,1408104000,01/15/2020,-59,114,644,144,89
Kabugao,1408104000,02/15/2020,-4,54,622,144,94
Kabugao,1408104000,03/15/2020,-106,2,453,4,108
Kabugao,1408104000,04/15/2020,-37,0,372,51,88
Kabugao,1408104000,05/15/2020,63,2,372,173,108
Kabugao,1408104000,06/15/2020,-78,0,386,35,113
Kabugao,1408104000,07/15/2020,34,1,338,152,117
Kabugao,1408104000,08/15/2020,62,1,425,184,121
Kabugao,1408104000,09/15/2020,-21,0,422,78,99
Kabugao,1408104000,10/15/2020,258,29,510,367,80
Kabugao,1408104000,11/15/2020,-60,410,691,417,67
Kabugao,1408104000,12/15/2020,52,190,667,312,70
Kabugao,1408104000,01/15/2021,-32,93,633,120,59
Kabugao,1408104000,02/15/2021,-61,44,609,64,81
Kabugao,1408104000,03/15/2021,-67,11,545,55,111
Kabugao,1408104000,04/15/2021,-68,2,472,42,108
Kabugao,1408104000,05/15/2021,-96,0,398,23,119
Kabugao,1408104000,06/15/2021,14,1,364,132,117
Kabugao,1408104000,07/15/2021,45,1,356,155,109
Kabugao,1408104000,08/15/2021,84,2,477,207,121
Kabugao,1408104000,09/15/2021,47,13,550,179,119
Kabugao,1408104000,10/15/2021,59,182,646,335,94
Kabugao,1408104000,11/15/2021,72,43,604,200,85
Kabugao,1408104000,12/15/2021,-50,80,632,84,54
Kabugao,1408104000,01/15/2022,-9,53,608,126,82
Kabugao,1408104000,02/15/2022,-48,19,575,51,80
Kabugao,1408104000,03/15/2022,-96,5,510,23,114
Kabugao,1408104000,04/15/2022,-51,1,451,46,96
Kabugao,1408104000,05/15/2022,147,4,473,269,118
Kabugao,1408104000,06/15/2022,-41,6,537,95,130
Kabugao,1408104000,07/15/2022,-29,5,525,119,143
Kabugao,1408104000,08/15/2022,125,46,604,290,119
Kabugao,1408104000,09/15/2022,-31,89,624,169,111
Kabugao,1408104000,10/15/2022,133,396,680,622,93
Kabugao,1408104000,11/15/2022,-98,147,651,145,96
Kabugao,1408104000,12/15/2022,37,107,650,204,60
Kabugao,1408104000,01/15/2023,-98,91,628,69,76
Kabugao,1408104000,02/15/2023,-10,14,562,86,82
Kabugao,1408104000,03/15/2023,-110,7,521,10,113
Kabugao,1408104000,04/15/2023,-64,1,430,38,101
Kabugao,1408104000,05/15/2023,36,2,379,139,101
Kabugao,1408104000,06/15/2023,52,4,442,174,118
Kabugao,1408104000,07/15/2023,201,127,555,461,133
Kabugao,1408104000,08/15/2023,51,276,639,449,122
Kabugao,1408104000,09/15/2023,-137,200,663,179,116
Kabugao,1408104000,10/15/2023,3,99,637,208,106
Kabugao,1408104000,11/15/2023,27,78,626,177,72
Kabugao,1408104000,12/15/2023,-8,74,629,136,70
Kabugao,1408104000,01/15/2024,-91,30,579,14,75
Kabugao,1408104000,03/15/2024,-69,1,398,23,91
Kabugao,1408104000,04/15/2024,-74,0,328,14,88
Kabugao,1408104000,05/15/2024,61,1,302,158,96
Kabugao,1408104000,06/15/2024,-11,1,368,103,113
Kabugao,1408104000,07/15/2024,229,17,398,381,135
Kabugao,1408104000,08/15/2024,-36,9,553,125,152
Kabugao,1408104000,09/15/2024,249,250,662,627,128
Kabugao,1408104000,10/15/2024,-63,282,674,341,122
Kabugao,1408104000,11/15/2024,-74,424,699,444,94
Kabugao,1408104000,12/15/2024,11,117,650,197,69
Luna,1408105000,01/15/2016,-43,57,729,119,105
Luna,1408105000,02/15/2016,59,85,751,235,91
Luna,1408105000,03/15/2016,-95,73,733,100,122
Luna,1408105000,04/15/2016,-115,6,631,19,128
Luna,1408105000,05/15/2016,1,3,569,148,144
Luna,1408105000,06/15/2016,-56,2,570,92,146
Luna,1408105000,07/15/2016,70,30,491,230,130
Luna,1408105000,08/15/2016,35,2,596,167,130
Luna,1408105000,09/15/2016,-22,2,616,80,100
Luna,1408105000,10/15/2016,146,171,697,423,106
Luna,1408105000,11/15/2016,50,152,759,285,83
Luna,1408105000,12/15/2016,30,430,806,532,72
Luna,1408105000,01/15/2017,-18,203,773,273,88
Luna,1408105000,02/15/2017,-41,207,782,245,79
Luna,1408105000,03/15/2017,-94,48,717,77,123
Luna,1408105000,04/15/2017,-72,7,649,66,131
Luna,1408105000,05/15/2017,30,4,592,164,130
Luna,1408105000,06/15/2017,-74,2,600,77,149
Luna,1408105000,07/15/2017,-50,1,540,86,135
Luna,1408105000,08/15/2017,86,7,533,222,129
Luna,1408105000,09/15/2017,-43,2,589,63,104
Luna,1408105000,10/15/2017,244,84,688,422,94
Luna,1408105000,11/15/2017,-49,221,768,256,84
Luna,1408105000,12/15/2017,50,396,804,518,72
Luna,1408105000,01/15/2018,-50,214,776,255,91
Luna,1408105000,02/15/2018,-8,218,784,297,87
Luna,1408105000,03/15/2018,-46,47,728,128,127
Luna,1408105000,04/15/2018,-43,15,686,112,140
Luna,1408105000,05/15/2018,-107,3,606,46,150
Luna,1408105000,06/15/2018,-32,2,531,93,123
Luna,1408105000,07/15/2018,44,7,535,197,146
Luna,1408105000,08/15/2018,55,5,576,185,125
Luna,1408105000,09/15/2018,74,107,671,310,129
Luna,1408105000,10/15/2018,80,33,673,226,113
Luna,1408105000,11/15/2018,-81,35,710,49,95
Luna,1408105000,12/15/2018,189,133,728,407,85
Luna,1408105000,01/15/2019,-118,213,769,197,102
Luna,1408105000,02/15/2019,-134,26,687,3,111
Luna,1408105000,03/15/2019,-56,3,596,68,121
Luna,1408105000,04/15/2019,34,6,616,178,138
Luna,1408105000,05/15/2019,62,8,643,225,155
Luna,1408105000,06/15/2019,53,15,643,220,152
Luna,1408105000,07/15/2019,41,69,730,278,168
Luna,1408105000,08/15/2019,56,96,745,298,146
Luna,1408105000,09/15/2019,-19,324,800,421,116
Luna,1408105000,10/15/2019,49,331,804,497,117
Luna,1408105000,11/15/2019,-29,944,839,1002,87
Luna,1408105000,12/15/2019,3,828,814,913,82
Luna,1408105000,01/15/2020,-36,232,787,288,92
Luna,1408105000,02/15/2020,-36,151,777,209,94
Luna,1408105000,03/15/2020,-98,2,585,4,100
Luna,1408105000,04/15/2020,-34,1,512,51,84
Luna,1408105000,05/15/2020,50,2,507,172,120
Luna,1408105000,06/15/2020,-84,0,509,34,118
Luna,1408105000,07/15/2020,22,1,451,151,128
Luna,1408105000,08/15/2020,49,1,523,183,133
Luna,1408105000,09/15/2020,-15,0,516,81,96
Luna,1408105000,10/15/2020,256,22,607,368,90
Luna,1408105000,11/15/2020,-49,390,790,420,79
Luna,1408105000,12/15/2020,52,179,772,314,83
Luna,1408105000,01/15/2021,-23,90,746,120,53
Luna,1408105000,02/15/2021,-54,41,728,64,77
Luna,1408105000,03/15/2021,-64,10,668,55,109
Luna,1408105000,04/15/2021,-65,3,601,42,104
Luna,1408105000,05/15/2021,-100,0,526,23,123
Luna,1408105000,06/15/2021,7,1,485,131,123
Luna,1408105000,07/15/2021,26,1,468,152,125
Luna,1408105000,08/15/2021,66,2,565,207,139
Luna,1408105000,09/15/2021,54,7,631,179,118
Luna,1408105000,10/15/2021,80,154,744,336,102
Luna,1408105000,11/15/2021,72,41,719,196,83
Luna,1408105000,12/15/2021,-48,66,740,85,67
Luna,1408105000,01/15/2022,-5,47,723,125,83
Luna,1408105000,02/15/2022,-41,15,695,53,79
Luna,1408105000,03/15/2022,-90,5,634,25,110
Luna,1408105000,04/15/2022,-49,1,581,46,94
Luna,1408105000,05/15/2022,133,5,597,269,131
Luna,1408105000,06/15/2022,-55,4,646,94,145
Luna,1408105000,07/15/2022,-41,2,623,118,157
Luna,1408105000,08/15/2022,127,20,690,288,141
Luna,1408105000,09/15/2022,-17,69,728,169,117
Luna,1408105000,10/15/2022,115,405,780,623,103
Luna,1408105000,11/15/2022,-65,125,760,158,98
Luna,1408105000,12/15/2022,26,111,766,207,70
Luna,1408105000,01/15/2023,-95,79,740,65,81
Luna,1408105000,02/15/2023,-6,12,679,87,81
Luna,1408105000,03/15/2023,-105,6,643,10,109
Luna,1408105000,04/15/2023,-55,1,561,39,93
Luna,1408105000,05/15/2023,26,2,508,140,112
Luna,1408105000,06/15/2023,36,5,556,173,132
Luna,1408105000,07/15/2023,193,117,652,461,151
Luna,1408105000,08/15/2023,43,263,737,450,144
Luna,1408105000,09/15/2023,-113,169,768,178,122
Luna,1408105000,10/15/2023,6,93,749,209,110
Luna,1408105000,11/15/2023,35,77,740,184,72
Luna,1408105000,12/15/2023,-15,77,743,140,78
Luna,1408105000,01/15/2024,-86,25,699,14,75
Luna,1408105000,03/15/2024,-63,1,531,23,85
Luna,1408105000,04/15/2024,-71,0,464,14,85
Luna,1408105000,05/15/2024,52,1,436,158,105
Luna,1408105000,06/15/2024,-27,1,486,101,127
Luna,1408105000,07/15/2024,206,26,502,380,148
Luna,1408105000,08/15/2024,-41,3,639,125,163
Luna,1408105000,09/15/2024,248,241,753,627,138
Luna,1408105000,10/15/2024,-45,253,778,341,133
Luna,1408105000,11/15/2024,-69,406,798,446,109
Luna,1408105000,12/15/2024,9,103,756,198,86
Pudtol,1408106000,01/15/2016,-18,67,737,148,99
Pudtol,1408106000,02/15/2016,46,117,760,252,89
Pudtol,1408106000,03/15/2016,-58,105,755,179,132
Pudtol,1408106000,04/15/2016,-73,19,684,107,161
Pudtol,1408106000,05/15/2016,119,76,707,372,177
Pudtol,1408106000,06/15/2016,-88,134,759,226,180
Pudtol,1408106000,07/15/2016,100,88,680,356,168
Pudtol,1408106000,08/15/2016,-6,105,763,238,139
Pudtol,1408106000,09/15/2016,-44,105,759,186,125
Pudtol,1408106000,10/15/2016,-1,378,778,489,112
Pudtol,1408106000,11/15/2016,50,94,749,224,80
Pudtol,1408106000,12/15/2016,37,394,801,496,65
Pudtol,1408106000,01/15/2017,-4,205,775,278,77
Pudtol,1408106000,02/15/2017,-50,231,784,258,77
Pudtol,1408106000,03/15/2017,-66,50,723,111,127
Pudtol,1408106000,04/15/2017,10,25,707,189,154
Pudtol,1408106000,05/15/2017,93,131,741,382,158
Pudtol,1408106000,06/15/2017,-88,85,747,173,176
Pudtol,1408106000,07/15/2017,-21,27,713,159,153
Pudtol,1408106000,08/15/2017,39,31,718,221,151
Pudtol,1408106000,09/15/2017,-62,28,716,101,135
Pudtol,1408106000,10/15/2017,103,95,728,295,97
Pudtol,1408106000,11/15/2017,-41,188,765,230,83
Pudtol,1408106000,12/15/2017,57,385,793,503,61
Pudtol,1408106000,01/15/2018,-49,178,773,213,84
Pudtol,1408106000,02/15/2018,-5,101,763,183,87
Pudtol,1408106000,03/15/2018,-54,39,725,114,129
Pudtol,1408106000,04/15/2018,8,20,703,180,152
Pudtol,1408106000,05/15/2018,-82,12,673,106,176
Pudtol,1408106000,06/15/2018,16,6,620,171,149
Pudtol,1408106000,07/15/2018,68,16,661,246,162
Pudtol,1408106000,08/15/2018,64,79,744,276,133
Pudtol,1408106000,09/15/2018,-48,261,759,361,148
Pudtol,1408106000,10/15/2018,84,61,691,267,122
Pudtol,1408106000,11/15/2018,-113,58,720,41,96
Pudtol,1408106000,12/15/2018,174,76,710,323,73
Pudtol,1408106000,01/15/2019,-114,164,761,142,92
Pudtol,1408106000,02/15/2019,-130,19,680,5,116
Pudtol,1408106000,03/15/2019,-42,2,592,93,133
Pudtol,1408106000,04/15/2019,109,16,656,281,156
Pudtol,1408106000,05/15/2019,102,159,763,432,171
Pudtol,1408106000,06/15/2019,21,157,747,347,169
Pudtol,1408106000,07/15/2019,-9,342,798,502,169
Pudtol,1408106000,08/15/2019,20,129,759,296,147
Pudtol,1408106000,09/15/2019,-38,324,799,406,120
Pudtol,1408106000,10/15/2019,40,223,791,378,115
Pudtol,1408106000,11/15/2019,-10,682,828,745,73
Pudtol,1408106000,12/15/2019,-9,682,810,743,70
Pudtol,1408106000,01/15/2020,-44,161,776,202,85
Pudtol,1408106000,02/15/2020,-22,107,763,175,90
Pudtol,1408106000,03/15/2020,-112,1,580,4,115
Pudtol,1408106000,04/15/2020,-44,0,492,51,95
Pudtol,1408106000,05/15/2020,45,2,479,172,125
Pudtol,1408106000,06/15/2020,-92,0,477,34,126
Pudtol,1408106000,07/15/2020,24,1,414,151,126
Pudtol,1408106000,08/15/2020,53,1,492,183,129
Pudtol,1408106000,09/15/2020,-31,0,480,79,110
Pudtol,1408106000,10/15/2020,272,12,564,368,84
Pudtol,1408106000,11/15/2020,-17,365,789,419,71
Pudtol,1408106000,12/15/2020,48,193,776,314,73
Pudtol,1408106000,01/15/2021,-21,94,749,121,48
Pudtol,1408106000,02/15/2021,-53,42,730,65,76
Pudtol,1408106000,03/15/2021,-68,9,670,55,114
Pudtol,1408106000,04/15/2021,-73,2,595,42,113
Pudtol,1408106000,05/15/2021,-113,0,511,23,136
Pudtol,1408106000,06/15/2021,-3,1,457,131,133
Pudtol,1408106000,07/15/2021,26,1,436,152,125
Pudtol,1408106000,08/15/2021,67,2,534,207,138
Pudtol,1408106000,09/15/2021,46,4,597,179,129
Pudtol,1408106000,10/15/2021,120,117,730,336,99
Pudtol,1408106000,11/15/2021,76,43,718,202,83
Pudtol,1408106000,12/15/2021,-46,76,747,85,55
Pudtol,1408106000,01/15/2022,-5,52,729,126,79
Pudtol,1408106000,02/15/2022,-41,17,700,50,74
Pudtol,1408106000,03/15/2022,-100,4,636,23,119
Pudtol,1408106000,04/15/2022,-53,0,574,46,99
Pudtol,1408106000,05/15/2022,132,4,587,269,133
Pudtol,1408106000,06/15/2022,-57,2,634,94,149
Pudtol,1408106000,07/15/2022,-36,2,612,118,152
Pudtol,1408106000,08/15/2022,136,19,688,288,133
Pudtol,1408106000,09/15/2022,-21,64,727,169,126
Pudtol,1408106000,10/15/2022,123,402,781,623,98
Pudtol,1408106000,11/15/2022,-77,127,760,148,98
Pudtol,1408106000,12/15/2022,36,109,765,206,61
Pudtol,1408106000,01/15/2023,-91,85,742,65,71
Pudtol,1408106000,02/15/2023,-9,14,685,87,82
Pudtol,1408106000,03/15/2023,-113,5,643,10,118
Pudtol,1408106000,04/15/2023,-65,0,550,39,104
Pudtol,1408106000,05/15/2023,19,2,488,140,119
Pudtol,1408106000,06/15/2023,30,6,530,173,137
Pudtol,1408106000,07/15/2023,220,94,629,461,147
Pudtol,1408106000,08/15/2023,44,264,738,450,142
Pudtol,1408106000,09/15/2023,-116,165,767,178,129
Pudtol,1408106000,10/15/2023,8,87,747,208,113
Pudtol,1408106000,11/15/2023,35,75,741,180,70
Pudtol,1408106000,12/15/2023,-13,79,746,138,72
Pudtol,1408106000,01/15/2024,-80,28,704,14,66
Pudtol,1408106000,03/15/2024,-77,0,523,23,100
Pudtol,1408106000,04/15/2024,-88,0,440,14,102
Pudtol,1408106000,05/15/2024,46,1,400,158,111
Pudtol,1408106000,06/15/2024,-30,1,450,101,130
Pudtol,1408106000,07/15/2024,215,23,466,380,142
Pudtol,1408106000,08/15/2024,-34,2,615,125,157
Pudtol,1408106000,09/15/2024,269,219,742,627,139
Pudtol,1408106000,10/15/2024,-44,252,778,341,133
Pudtol,1408106000,11/15/2024,-69,411,801,446,104
Pudtol,1408106000,12/15/2024,13,111,761,198,74
Santa Marcela,1408107000,01/15/2016,-43,57,729,119,105
Santa Marcela,1408107000,02/15/2016,59,85,751,235,91
Santa Marcela,1408107000,03/15/2016,-95,73,733,100,122
Santa Marcela,1408107000,04/15/2016,-115,6,631,19,128
Santa Marcela,1408107000,05/15/2016,1,3,569,148,144
Santa Marcela,1408107000,06/15/2016,-56,2,570,92,146
Santa Marcela,1408107000,07/15/2016,70,30,491,230,130
Santa Marcela,1408107000,08/15/2016,35,2,596,167,130
Santa Marcela,1408107000,09/15/2016,-22,2,616,80,100
Santa Marcela,1408107000,10/15/2016,146,171,697,423,106
Santa Marcela,1408107000,11/15/2016,50,152,759,285,83
Santa Marcela,1408107000,12/15/2016,30,430,806,532,72
Santa Marcela,1408107000,01/15/2017,-18,203,773,273,88
Santa Marcela,1408107000,02/15/2017,-41,207,782,245,79
Santa Marcela,1408107000,03/15/2017,-94,48,717,77,123
Santa Marcela,1408107000,04/15/2017,-72,7,649,66,131
Santa Marcela,1408107000,05/15/2017,30,4,592,164,130
Santa Marcela,1408107000,06/15/2017,-74,2,600,77,149
Santa Marcela,1408107000,07/15/2017,-50,1,540,86,135
Santa Marcela,1408107000,08/15/2017,86,7,533,222,129
Santa Marcela,1408107000,09/15/2017,-43,2,589,63,104
Santa Marcela,1408107000,10/15/2017,244,84,688,422,94
Santa Marcela,1408107000,11/15/2017,-49,221,768,256,84
Santa Marcela,1408107000,12/15/2017,50,396,804,518,72
Santa Marcela,1408107000,01/15/2018,-50,214,776,255,91
Santa Marcela,1408107000,02/15/2018,-8,218,784,297,87
Santa Marcela,1408107000,03/15/2018,-46,47,728,128,127
Santa Marcela,1408107000,04/15/2018,-43,15,686,112,140
Santa Marcela,1408107000,05/15/2018,-107,3,606,46,150
Santa Marcela,1408107000,06/15/2018,-32,2,531,93,123
Santa Marcela,1408107000,07/15/2018,44,7,535,197,146
Santa Marcela,1408107000,08/15/2018,55,5,576,185,125
Santa Marcela,1408107000,09/15/2018,74,107,671,310,129
Santa Marcela,1408107000,10/15/2018,80,33,673,226,113
Santa Marcela,1408107000,11/15/2018,-81,35,710,49,95
Santa Marcela,1408107000,12/15/2018,189,133,728,407,85
Santa Marcela,1408107000,01/15/2019,-118,213,769,197,102
Santa Marcela,1408107000,02/15/2019,-134,26,687,3,111
Santa Marcela,1408107000,03/15/2019,-56,3,596,68,121
Santa Marcela,1408107000,04/15/2019,34,6,616,178,138
Santa Marcela,1408107000,05/15/2019,62,8,643,225,155
Santa Marcela,1408107000,06/15/2019,53,15,643,220,152
Santa Marcela,1408107000,07/15/2019,41,69,730,278,168
Santa Marcela,1408107000,08/15/2019,56,96,745,298,146
Santa Marcela,1408107000,09/15/2019,-19,324,800,421,116
Santa Marcela,1408107000,10/15/2019,49,331,804,497,117
Santa Marcela,1408107000,11/15/2019,-29,944,839,1002,87
Santa Marcela,1408107000,12/15/2019,3,828,814,913,82
Santa Marcela,1408107000,01/15/2020,-36,232,787,288,92
Santa Marcela,1408107000,02/15/2020,-36,151,777,209,94
Santa Marcela,1408107000,03/15/2020,-98,2,585,4,100
Santa Marcela,1408107000,04/15/2020,-34,1,512,51,84
Santa Marcela,1408107000,05/15/2020,50,2,507,172,120
Santa Marcela,1408107000,06/15/2020,-84,0,509,34,118
Santa Marcela,1408107000,07/15/2020,22,1,451,151,128
Santa Marcela,1408107000,08/15/2020,49,1,523,183,133
Santa Marcela,1408107000,09/15/2020,-15,0,516,81,96
Santa Marcela,1408107000,10/15/2020,256,22,607,368,90
Santa Marcela,1408107000,11/15/2020,-49,390,790,420,79
Santa Marcela,1408107000,12/15/2020,52,179,772,314,83
Santa Marcela,1408107000,01/15/2021,-23,90,746,120,53
Santa Marcela,1408107000,02/15/2021,-54,41,728,64,77
Santa Marcela,1408107000,03/15/2021,-64,10,668,55,109
Santa Marcela,1408107000,04/15/2021,-65,3,601,42,104
Santa Marcela,1408107000,05/15/2021,-100,0,526,23,123
Santa Marcela,1408107000,06/15/2021,7,1,485,131,123
Santa Marcela,1408107000,07/15/2021,26,1,468,152,125
Santa Marcela,1408107000,08/15/2021,66,2,565,207,139
Santa Marcela,1408107000,09/15/2021,54,7,631,179,118
Santa Marcela,1408107000,10/15/2021,80,154,744,336,102
Santa Marcela,1408107000,11/15/2021,72,41,719,196,83
Santa Marcela,1408107000,12/15/2021,-48,66,740,85,67
Santa Marcela,1408107000,01/15/2022,-5,47,723,125,83
Santa Marcela,1408107000,02/15/2022,-41,15,695,53,79
Santa Marcela,1408107000,03/15/2022,-90,5,634,25,110
Santa Marcela,1408107000,04/15/2022,-49,1,581,46,94
Santa Marcela,1408107000,05/15/2022,133,5,597,269,131
Santa Marcela,1408107000,06/15/2022,-55,4,646,94,145
Santa Marcela,1408107000,07/15/2022,-41,2,623,118,157
Santa Marcela,1408107000,08/15/2022,127,20,690,288,141
Santa Marcela,1408107000,09/15/2022,-17,69,728,169,117
Santa Marcela,1408107000,10/15/2022,115,405,780,623,103
Santa Marcela,1408107000,11/15/2022,-65,125,760,158,98
Santa Marcela,1408107000,12/15/2022,26,111,766,207,70
Santa Marcela,1408107000,01/15/2023,-95,79,740,65,81
Santa Marcela,1408107000,02/15/2023,-6,12,679,87,81
Santa Marcela,1408107000,03/15/2023,-105,6,643,10,109
Santa Marcela,1408107000,04/15/2023,-55,1,561,39,93
Santa Marcela,1408107000,05/15/2023,26,2,508,140,112
Santa Marcela,1408107000,06/15/2023,36,5,556,173,132
Santa Marcela,1408107000,07/15/2023,193,117,652,461,151
Santa Marcela,1408107000,08/15/2023,43,263,737,450,144
Santa Marcela,1408107000,09/15/2023,-113,169,768,178,122
Santa Marcela,1408107000,10/15/2023,6,93,749,209,110
Santa Marcela,1408107000,11/15/2023,35,77,740,184,72
Santa Marcela,1408107000,12/15/2023,-15,77,743,140,78
Santa Marcela,1408107000,01/15/2024,-86,25,699,14,75
Santa Marcela,1408107000,03/15/2024,-63,1,531,23,85
Santa Marcela,1408107000,04/15/2024,-71,0,464,14,85
Santa Marcela,1408107000,05/15/2024,52,1,436,158,105
Santa Marcela,1408107000,06/15/2024,-27,1,486,101,127
Santa Marcela,1408107000,07/15/2024,206,26,502,380,148
Santa Marcela,1408107000,08/15/2024,-41,3,639,125,163
Santa Marcela,1408107000,09/15/2024,248,241,753,627,138
Santa Marcela,1408107000,10/15/2024,-45,253,778,341,133
Santa Marcela,1408107000,11/15/2024,-69,406,798,446,109
Santa Marcela,1408107000,12/15/2024,9,103,756,198,86
